{"cameraMode":{"drawMode":0,"name":"Shaded","section":"Shading Mode"},"sceneLighting":true,"audioPlay":false,"sceneViewState":{"showFog":false,"showMaterialUpdate":false,"showSkybox":false,"showFlares":false,"showImageEffects":false,"showParticleSystems":false},"in2DMode":false,"pivot":{"x":0.8100000023841858,"y":-0.6600000858306885,"z":0.0},"rotation":{"x":-0.055683329701423648,"y":0.05897082760930061,"z":-0.0032933850307017566,"w":-0.9967021346092224},"size":4.600523471832275,"orthographic":false}