{"cameraMode":{"drawMode":0,"name":"Shaded","section":"Shading Mode"},"sceneLighting":true,"audioPlay":false,"sceneViewState":{"showFog":false,"showMaterialUpdate":false,"showSkybox":false,"showFlares":false,"showImageEffects":false,"showParticleSystems":false},"in2DMode":false,"pivot":{"x":-1.6070523262023926,"y":-0.4037061631679535,"z":-3.332374334335327},"rotation":{"x":-0.005384605843573809,"y":-0.0461876317858696,"z":-0.00024890541681088507,"w":0.9989187717437744},"size":-0.481356680393219,"orthographic":false}